codigo,etapa,anos,grupo_etario,eixo,objetos_conhecimento,competencia,texto,vigencia_status,fonte_localizador,fonte_localizador_pdf
EI03CO01,EI,,ei-grupo-03,co-eixo-pensamento-computacional,,,"Reconhecer padrão de repetição em sequência de sons, movimentos, desenhos.",vigente,COMPUTAÇÃO - EDUCAÇÃO INFANTIL .xlsx · linha 4,página PDF 6
EI03CO02,EI,,ei-grupo-03,co-eixo-pensamento-computacional,,,Expressar as etapas para a realização de uma tarefa de forma clara e ordenada.,vigente,COMPUTAÇÃO - EDUCAÇÃO INFANTIL .xlsx · linha 5,página PDF 6
EI03CO03,EI,,ei-grupo-03,co-eixo-pensamento-computacional,,,Experienciar a execução de algoritmos brincando com objetos (des)plugados.,vigente,COMPUTAÇÃO - EDUCAÇÃO INFANTIL .xlsx · linha 6,página PDF 6
EI03CO04,EI,,ei-grupo-03,co-eixo-pensamento-computacional,,,Criar e representar algoritmos para resolver problemas.,vigente,COMPUTAÇÃO - EDUCAÇÃO INFANTIL .xlsx · linha 7,página PDF 8
EI03CO05,EI,,ei-grupo-03,co-eixo-pensamento-computacional,,,Comparar soluções algorítmicas para resolver um mesmo problema.,vigente,COMPUTAÇÃO - EDUCAÇÃO INFANTIL .xlsx · linha 8,página PDF 8
EI03CO06,EI,,ei-grupo-03,co-eixo-pensamento-computacional,,,Compreender decisões em dois estados (verdadeiro ou falso).,vigente,COMPUTAÇÃO - EDUCAÇÃO INFANTIL .xlsx · linha 9,página PDF 8
EI03CO07,EI,,ei-grupo-03,co-eixo-mundo-digital,,,"Reconhecer dispositivos eletrônicos (e não-eletrônicos), identificando quando estão ligados ou desligados (abertos ou fechados).",vigente,COMPUTAÇÃO - EDUCAÇÃO INFANTIL .xlsx · linha 10,página PDF 10
EI03CO08,EI,,ei-grupo-03,co-eixo-mundo-digital,,,Compreender o conceito de interfaces para comunicação com objetos (des)plugados.,vigente,COMPUTAÇÃO - EDUCAÇÃO INFANTIL .xlsx · linha 11,página PDF 10
EI03CO09,EI,,ei-grupo-03,co-eixo-mundo-digital,,,Identificar dispositivos computacionais e as diferentes formas de interação.,vigente,COMPUTAÇÃO - EDUCAÇÃO INFANTIL .xlsx · linha 12,página PDF 10
EI03CO10,EI,,ei-grupo-03,co-eixo-cultura-digital,,,"Utilizar tecnologia digital de maneira segura, consciente e respeitosa.",vigente,COMPUTAÇÃO - EDUCAÇÃO INFANTIL .xlsx · linha 13,página PDF 12
EI03CO11,EI,,ei-grupo-03,co-eixo-cultura-digital,,,"Adotar hábitos saudáveis de uso de artefatos computacionais, seguindo recomendações de órgãos de saúde competentes.",vigente,COMPUTAÇÃO - EDUCAÇÃO INFANTIL .xlsx · linha 14,página PDF 12
EF01CO01,EF,1,,co-eixo-pensamento-computacional,co-obj-organizacao-de-objetos,,"Organizar objetos físicos ou digitais considerando diferentes características para esta organização, explicitando semelhanças (padrões) e diferenças.",vigente,1º ao 5º ANO - HABILIDADES- BNCC - Computação.xlsx · linha 5,página PDF 16
EF01CO02,EF,1,,co-eixo-pensamento-computacional,co-obj-conceituacao-de-algoritmos,,Identificar e seguir sequências de passos aplicados no dia a dia para resolver problemas.,vigente,1º ao 5º ANO - HABILIDADES- BNCC - Computação.xlsx · linha 6,página PDF 16
EF01CO03,EF,1,,co-eixo-pensamento-computacional,co-obj-conceituacao-de-algoritmos,,"Reorganizar e criar sequências de passos em meios físicos ou digitais, relacionando essas sequências à palavra ‘Algoritmos’.",vigente,1º ao 5º ANO - HABILIDADES- BNCC - Computação.xlsx · linha 7,página PDF 16
EF01CO04,EF,1,,co-eixo-mundo-digital,co-obj-codificacao-da-informacao,,"Reconhecer o que é a informação, que ela pode ser armazenada, transmitida como mensagem por diversos meios e descrita em várias linguagens.",vigente,1º ao 5º ANO - HABILIDADES- BNCC - Computação.xlsx · linha 8,página PDF 16
EF01CO05,EF,1,,co-eixo-mundo-digital,co-obj-codificacao-da-informacao,,Representar informação usando diferentes codificações.,vigente,1º ao 5º ANO - HABILIDADES- BNCC - Computação.xlsx · linha 9,página PDF 16
EF01CO06,EF,1,,co-eixo-cultura-digital,co-obj-uso-de-artefatos-computacionais,,Reconhecer e explorar artefatos computacionais voltados a atender necessidades pessoais ou coletivas.,vigente,1º ao 5º ANO - HABILIDADES- BNCC - Computação.xlsx · linha 10,página PDF 18
EF01CO07,EF,1,,co-eixo-cultura-digital,co-obj-seguranca-e-responsabilidade-no-uso-de-tecnologia-computacional,,Conhecer as possibilidades de uso seguro das tecnologias computacionais para proteção dos dados pessoais e para garantir a própria segurança.,vigente,1º ao 5º ANO - HABILIDADES- BNCC - Computação.xlsx · linha 11,página PDF 18
EF15CO01,EF,1 | 2 | 3 | 4 | 5,,co-eixo-pensamento-computacional,co-obj-organizacao-e-representacao-da-informacao,,"Identificar as principais formas de organizar e representar a informação de maneira estruturada (matrizes, registros, listas e grafos) ou não estruturada (números, palavras, valores verdade).",vigente,1º ao 5º ANO - HABILIDADES- BNCC - Computação.xlsx · linha 61,página PDF 38
EF15CO02,EF,1 | 2 | 3 | 4 | 5,,co-eixo-pensamento-computacional,co-obj-algoritmos,,"Construir e simular algoritmos, de forma independente ou em colaboração, que resolvam problemas simples e do cotidiano com uso de sequências, seleções condicionais e repetições de instruções.",vigente,1º ao 5º ANO - HABILIDADES- BNCC - Computação.xlsx · linha 62,página PDF 38
EF15CO03,EF,1 | 2 | 3 | 4 | 5,,co-eixo-pensamento-computacional,co-obj-logica-computacional,,"Realizar operações de negação, conjunção e disjunção sobre sentenças lógicas e valores 'verdadeiro' e 'falso'.",vigente,1º ao 5º ANO - HABILIDADES- BNCC - Computação.xlsx · linha 64,página PDF 38
EF15CO04,EF,1 | 2 | 3 | 4 | 5,,co-eixo-pensamento-computacional,co-obj-decomposicao,,"Aplicar a estratégia de decomposição para resolver problemas complexos, dividindo esse problema em partes menores, resolvendo-as e combinando suas soluções.",vigente,1º ao 5º ANO - HABILIDADES- BNCC - Computação.xlsx · linha 65,página PDF 38
EF15CO05,EF,1 | 2 | 3 | 4 | 5,,co-eixo-mundo-digital,co-obj-codificacao-da-informacao,,"Codificar a informação de diferentes formas, entendendo a importância desta codificação para o armazenamento, manipulação e transmissão em dispositivos computacionais.",vigente,1º ao 5º ANO - HABILIDADES- BNCC - Computação.xlsx · linha 66,página PDF 40
EF15CO06,EF,1 | 2 | 3 | 4 | 5,,co-eixo-mundo-digital,co-obj-funcionamento-de-dispositivos-computacionais,,"Conhecer os componentes básicos de dispositivos computacionais, entendendo os princípios de seu funcionamento.",vigente,1º ao 5º ANO - HABILIDADES- BNCC - Computação.xlsx · linha 68,página PDF 40
EF15CO07,EF,1 | 2 | 3 | 4 | 5,,co-eixo-mundo-digital,co-obj-sistema-operacional,,Conhecer o conceito de Sistema Operacional e sua importância na integração entre software e hardware.,vigente,1º ao 5º ANO - HABILIDADES- BNCC - Computação.xlsx · linha 69,página PDF 40
EF15CO08,EF,1 | 2 | 3 | 4 | 5,,co-eixo-cultura-digital,co-obj-uso-de-artefatos-computacionais,,"Reconhecer e utilizar tecnologias computacionais para pesquisar e acessar informações, expressar-se crítica e criativamente e resolver problemas.",vigente,1º ao 5º ANO - HABILIDADES- BNCC - Computação.xlsx · linha 70,página PDF 40
EF15CO09,EF,1 | 2 | 3 | 4 | 5,,co-eixo-cultura-digital,co-obj-seguranca-e-responsabilidade-no-uso-da-tecnologia-computacional,,"Entender que as tecnologias devem ser utilizadas de maneira segura, ética e responsável, respeitando direitos autorais, de imagem e as leis vigentes.",vigente,1º ao 5º ANO - HABILIDADES- BNCC - Computação.xlsx · linha 71,página PDF 40
EF02CO01,EF,2,,co-eixo-pensamento-computacional,co-obj-modelagem-de-objetos,,"Criar e comparar modelos (representações) de objetos, identificando padrões e atributos essenciais.",vigente,1º ao 5º ANO - HABILIDADES- BNCC - Computação.xlsx · linha 15,página PDF 20
EF02CO02,EF,2,,co-eixo-pensamento-computacional,co-obj-algoritmos-com-repeticoes-simples,,"Criar e simular algoritmos representados em linguagem oral, escrita ou pictográfica, construídos como sequências com repetições simples (iterações definidas) com base em instruções preestabelecidas ou criadas, analisando como a precisão da instrução impacta na execução do algoritmo.",vigente,1º ao 5º ANO - HABILIDADES- BNCC - Computação.xlsx · linha 16,página PDF 20
EF02CO03,EF,2,,co-eixo-mundo-digital,co-obj-instrucao-de-maquina,,Identificar que máquinas diferentes executam conjuntos próprios de instruções e que podem ser usadas para definir algoritmos.,vigente,1º ao 5º ANO - HABILIDADES- BNCC - Computação.xlsx · linha 17,página PDF 20
EF02CO04,EF,2,,co-eixo-mundo-digital,co-obj-hardware-e-software,,Diferenciar componentes físicos (hardware) e programas que fornecem as instruções (software) para o hardware.,vigente,1º ao 5º ANO - HABILIDADES- BNCC - Computação.xlsx · linha 18,página PDF 20
EF02CO05,EF,2,,co-eixo-cultura-digital,co-obj-uso-de-artefatos-computacionais,,Reconhecer as características e usos das tecnologias computacionais no cotidiano dentro e fora da escola.,vigente,1º ao 5º ANO - HABILIDADES- BNCC - Computação.xlsx · linha 19,página PDF 20
EF02CO06,EF,2,,co-eixo-cultura-digital,co-obj-seguranca-e-responsabilidade-no-uso-de-tecnologia-computacional,,Reconhecer os cuidados com a segurança no uso de dispositivos computacionais.,vigente,1º ao 5º ANO - HABILIDADES- BNCC - Computação.xlsx · linha 20,página PDF 20
EF03CO01,EF,3,,co-eixo-pensamento-computacional,co-obj-logica-computacional,,"Associar os valores 'verdadeiro' e 'falso' a sentenças lógicas que dizem respeito a situações do dia a dia, fazendo uso de termos que indicam negação.",vigente,1º ao 5º ANO - HABILIDADES- BNCC - Computação.xlsx · linha 24,página PDF 22
EF03CO02,EF,3,,co-eixo-pensamento-computacional,co-obj-algoritmos-com-repeticoes-condicionais-simples,,"Criar e simular algoritmos representados em linguagem oral, escrita ou pictográfica, que incluam sequências e repetições simples com condição (iterações indefinidas), para resolver problemas de forma independente e em colaboração.",vigente,1º ao 5º ANO - HABILIDADES- BNCC - Computação.xlsx · linha 25,página PDF 22
EF03CO03,EF,3,,co-eixo-pensamento-computacional,co-obj-decomposicao,,"Aplicar a estratégia de decomposição para resolver problemas complexos, dividindo esse problema em partes menores, resolvendo-as e combinando suas soluções.",vigente,1º ao 5º ANO - HABILIDADES- BNCC - Computação.xlsx · linha 26,página PDF 22
EF03CO04,EF,3,,co-eixo-mundo-digital,co-obj-codificacao-da-informacao,,Relacionar o conceito de informação com o de dado.,vigente,1º ao 5º ANO - HABILIDADES- BNCC - Computação.xlsx · linha 27,página PDF 24
EF03CO05,EF,3,,co-eixo-mundo-digital,co-obj-codificacao-da-informacao,,Compreender que dados são estruturados em formatos específicos dependendo da informação armazenada.,vigente,1º ao 5º ANO - HABILIDADES- BNCC - Computação.xlsx · linha 28,página PDF 24
EF03CO06,EF,3,,co-eixo-mundo-digital,co-obj-interface-fisica,,"Reconhecer que, para um computador realizar tarefas, ele se comunica com o mundo exterior com o uso de interfaces físicas (dispositivos de entrada e saída).",vigente,1º ao 5º ANO - HABILIDADES- BNCC - Computação.xlsx · linha 29,página PDF 24
EF03CO07,EF,3,,co-eixo-cultura-digital,co-obj-uso-de-tecnologias-computacionais,,Utilizar diferentes navegadores e ferramentas de busca para pesquisar e acessar informações.,vigente,1º ao 5º ANO - HABILIDADES- BNCC - Computação.xlsx · linha 30,página PDF 26
EF03CO08,EF,3,,co-eixo-cultura-digital,co-obj-uso-de-tecnologias-computacionais,,Usar ferramentas computacionais em situações didáticas para se expressar em diferentes formatos digitais.,vigente,1º ao 5º ANO - HABILIDADES- BNCC - Computação.xlsx · linha 31,página PDF 26
EF03CO09,EF,3,,co-eixo-cultura-digital,co-obj-seguranca-e-responsabilidade-no-uso-da-tecnologia,,Reconhecer o potencial impacto do compartilhamento de informações pessoais ou de seus pares em meio digital.,vigente,1º ao 5º ANO - HABILIDADES- BNCC - Computação.xlsx · linha 32,página PDF 26
EF04CO01,EF,4,,co-eixo-pensamento-computacional,co-obj-matrizes-e-registros,,"Reconhecer objetos do mundo real e/ou digital que podem ser representados através de matrizes que estabelecem uma organização na qual cada componente está em uma posição definida por coordenadas, fazendo manipulações simples sobre estas representações.",vigente,1º ao 5º ANO - HABILIDADES- BNCC - Computação.xlsx · linha 36,página PDF 28
EF04CO02,EF,4,,co-eixo-pensamento-computacional,co-obj-matrizes-e-registros,,"Reconhecer objetos do mundo real e/ou digital que podem ser representados através de registros que estabelecem uma organização na qual cada componente é identificado por um nome, fazendo manipulações sobre estas representações.",vigente,1º ao 5º ANO - HABILIDADES- BNCC - Computação.xlsx · linha 37,página PDF 28
EF04CO03,EF,4,,co-eixo-pensamento-computacional,co-obj-algoritmos-com-repeticoes-simples-e-aninhadas,,"Criar e simular algoritmos representados em linguagem oral, escrita ou pictográfica, que incluam sequências e repetições simples e aninhadas (iterações definidas e indefinidas), para resolver problemas de forma independente e em colaboração.",vigente,1º ao 5º ANO - HABILIDADES- BNCC - Computação.xlsx · linha 38,página PDF 30
EF04CO04,EF,4,,co-eixo-mundo-digital,co-obj-codificacao-da-informacao,,"Entender que para guardar, manipular e transmitir dados deve-se codificá-los de alguma forma que seja compreendida pela máquina (formato digital).",vigente,1º ao 5º ANO - HABILIDADES- BNCC - Computação.xlsx · linha 39,página PDF 30
EF04CO05,EF,4,,co-eixo-mundo-digital,co-obj-codificacao-da-informacao,,"Codificar diferentes informações para representação em computador (binária, ASCII, atributos de pixel, como RGB etc.).",vigente,1º ao 5º ANO - HABILIDADES- BNCC - Computação.xlsx · linha 40,página PDF 30
EF04CO06,EF,4,,co-eixo-cultura-digital,co-obj-uso-de-tecnologias-computacionais,,"Usar diferentes ferramentas computacionais para criação de conteúdo (textos, apresentações, vídeos etc.).",vigente,1º ao 5º ANO - HABILIDADES- BNCC - Computação.xlsx · linha 41,página PDF 30
EF04CO07,EF,4,,co-eixo-cultura-digital,co-obj-seguranca-e-responsabilidade-no-uso-da-tecnologia,,"Demonstrar postura ética nas atividades de coleta, transferência, guarda e uso de dados.",vigente,1º ao 5º ANO - HABILIDADES- BNCC - Computação.xlsx · linha 42,página PDF 30
EF04CO08,EF,4,,co-eixo-cultura-digital,co-obj-seguranca-e-responsabilidade-no-uso-da-tecnologia,,Reconhecer a importância de verificar a confiabilidade das fontes de informações obtidas na Internet.,vigente,1º ao 5º ANO - HABILIDADES- BNCC - Computação.xlsx · linha 43,página PDF 30
EF05CO01,EF,5,,co-eixo-pensamento-computacional,co-obj-listas-e-grafos,,"Reconhecer objetos do mundo real e/ou digital que podem ser representados através de listas que estabelecem uma organização na qual há um número variável de itens dispostos em sequência, fazendo manipulações simples sobre estas representações.",vigente,1º ao 5º ANO - HABILIDADES- BNCC - Computação.xlsx · linha 47,página PDF 32
EF05CO02,EF,5,,co-eixo-pensamento-computacional,co-obj-listas-e-grafos,,"Reconhecer objetos do mundo real e digital que podem ser representados através de grafos que estabelecem uma organização com uma quantidade variável de vértices conectados por arestas, fazendo manipulações simples sobre estas representações.",vigente,1º ao 5º ANO - HABILIDADES- BNCC - Computação.xlsx · linha 48,página PDF 32
EF05CO03,EF,5,,co-eixo-pensamento-computacional,co-obj-logica-computacional,,"Realizar operações de negação, conjunção e disjunção sobre sentenças lógicas e valores 'verdadeiro' e 'falso'.",vigente,1º ao 5º ANO - HABILIDADES- BNCC - Computação.xlsx · linha 49,página PDF 32
EF05CO04,EF,5,,co-eixo-pensamento-computacional,co-obj-algoritmos-com-selecao-condicional,,"Criar e simular algoritmos representados em linguagem oral, escrita ou pictográfica, que incluam sequências, repetições e seleções condicionais para resolver problemas de forma independente e em colaboração.",vigente,1º ao 5º ANO - HABILIDADES- BNCC - Computação.xlsx · linha 50,página PDF 34
EF05CO05,EF,5,,co-eixo-mundo-digital,co-obj-arquitetura-de-computadores,,"Identificar os componentes principais de um computador (dispositivos de entrada/saída, processadores e armazenamento).",vigente,1º ao 5º ANO - HABILIDADES- BNCC - Computação.xlsx · linha 51,página PDF 34
EF05CO06,EF,5,,co-eixo-mundo-digital,co-obj-armazenamento-de-dados,,Reconhecer que os dados podem ser armazenados em um dispositivo local ou remoto.,vigente,1º ao 5º ANO - HABILIDADES- BNCC - Computação.xlsx · linha 52,página PDF 34
EF05CO07,EF,5,,co-eixo-mundo-digital,co-obj-sistema-operacional,,Reconhecer a necessidade de um sistema operacional para a execução de programas e gerenciamento do hardware.,vigente,1º ao 5º ANO - HABILIDADES- BNCC - Computação.xlsx · linha 53,página PDF 34
EF05CO08,EF,5,,co-eixo-cultura-digital,co-obj-seguranca-e-responsabilidade-no-uso-da-tecnologia,,Acessar as informações na Internet de forma crítica para distinguir os conteúdos confiáveis de não confiáveis.,vigente,1º ao 5º ANO - HABILIDADES- BNCC - Computação.xlsx · linha 54,página PDF 36
EF05CO09,EF,5,,co-eixo-cultura-digital,co-obj-seguranca-e-responsabilidade-no-uso-da-tecnologia,,Usar informações considerando aplicações e limites dos direitos autorais em diferentes mídias digitais.,vigente,1º ao 5º ANO - HABILIDADES- BNCC - Computação.xlsx · linha 55,página PDF 36
EF05CO10,EF,5,,co-eixo-cultura-digital,co-obj-uso-de-tecnologias-computacionais,,Expressar-se crítica e criativamente na compreensão das mudanças tecnológicas no mundo do trabalho e sobre a evolução da sociedade.,vigente,1º ao 5º ANO - HABILIDADES- BNCC - Computação.xlsx · linha 56,página PDF 36
EF05CO11,EF,5,,co-eixo-cultura-digital,co-obj-uso-de-tecnologias-computacionais,,Identificar a adequação de diferentes tecnologias computacionais na resolução de problemas.,vigente,1º ao 5º ANO - HABILIDADES- BNCC - Computação.xlsx · linha 57 · impresso como (EF05CO011) no anexo e na planilha (DECISOES.md),página PDF 36
EF06CO01,EF,6,,co-eixo-pensamento-computacional,co-obj-tipos-de-dados,,"Classificar informações, agrupando-as em coleções (conjuntos) e associando cada coleção a um ‘tipo de dados’",vigente,6º ao 9º ANO - HABILIDADES - BNCC - Computação .xlsx · linha 5,página PDF 42
EF06CO02,EF,6,,co-eixo-pensamento-computacional,co-obj-linguagem-de-programacao,,"Elaborar algoritmos que envolvam instruções sequenciais, de repetição e de seleção usando uma linguagem de programação.",vigente,6º ao 9º ANO - HABILIDADES - BNCC - Computação .xlsx · linha 6,página PDF 42
EF06CO03,EF,6,,co-eixo-pensamento-computacional,co-obj-linguagem-de-programacao,,"Descrever com precisão a solução de um problema, construindo o programa que implementa a solução descrita.",vigente,6º ao 9º ANO - HABILIDADES - BNCC - Computação .xlsx · linha 7,página PDF 42
EF06CO04,EF,6,,co-eixo-pensamento-computacional,co-obj-decomposicao,,Construir soluções de problemas usando a técnica de decomposição e automatizar tais soluções usando uma linguagem de programação.,vigente,6º ao 9º ANO - HABILIDADES - BNCC - Computação .xlsx · linha 8,página PDF 42
EF06CO05,EF,6,,co-eixo-pensamento-computacional,co-obj-generalizacao,,"Identificar os recursos ou insumos necessários (entradas) para a resolução de problemas, bem como os resultados esperados (saídas), determinando os respectivos tipos de dados, e estabelecendo a definição de problema como uma relação entre entrada e saída.",vigente,6º ao 9º ANO - HABILIDADES - BNCC - Computação .xlsx · linha 9,página PDF 42
EF06CO06,EF,6,,co-eixo-pensamento-computacional,co-obj-generalizacao,,"Comparar diferentes casos particulares (instâncias) de um mesmo problema, identificando as semelhanças e diferenças entre eles, e criar um algoritmo para resolver todos, fazendo uso de variáveis (parâmetros) para permitir o tratamento de todos os casos de forma genérica.",vigente,6º ao 9º ANO - HABILIDADES - BNCC - Computação .xlsx · linha 10,página PDF 42
EF06CO07,EF,6,,co-eixo-mundo-digital,co-obj-fundamentos-de-transmissao-de-dados,,"Entender o processo de transmissão de dados, como a informação é quebrada em pedaços, transmitida em pacotes através de múltiplos equipamentos, e reconstruída no destino.",vigente,6º ao 9º ANO - HABILIDADES - BNCC - Computação .xlsx · linha 11,página PDF 44
EF06CO08,EF,6,,co-eixo-mundo-digital,co-obj-gestao-de-dados,,"Compreender e utilizar diferentes formas de armazenar, manipular, compactar e recuperar arquivos, documentos e metadados.",vigente,6º ao 9º ANO - HABILIDADES - BNCC - Computação .xlsx · linha 12,página PDF 44
EF06CO09,EF,6,,co-eixo-cultura-digital,co-obj-tecnologia-digital-e-sociedade,,"Apresentar conduta e linguagem apropriadas ao se comunicar em ambiente digital, considerando a ética e o respeito.",vigente,6º ao 9º ANO - HABILIDADES - BNCC - Computação .xlsx · linha 13,página PDF 44
EF06CO10,EF,6,,co-eixo-cultura-digital,co-obj-tecnologia-digital-e-sustentabilidade,,"Analisar o consumo de tecnologia na sociedade, compreendendo criticamente o caminho da produção dos recursos bem como aspectos ligados à obsolescência e a sustentabilidade.",vigente,6º ao 9º ANO - HABILIDADES - BNCC - Computação .xlsx · linha 14,página PDF 44
EF69CO01,EF,6 | 7 | 8 | 9,,co-eixo-pensamento-computacional,co-obj-tipos-de-dados,,"Classificar informações, agrupando-as em coleções (conjuntos) e associando cada coleção a um ‘tipo de dado’.",vigente,6º ao 9º ANO - HABILIDADES - BNCC - Computação .xlsx · linha 62,página PDF 60
EF69CO02,EF,6 | 7 | 8 | 9,,co-eixo-pensamento-computacional,co-obj-linguagem-de-programacao,,"Elaborar algoritmos que envolvam instruções sequenciais, de repetição e de seleção usando uma linguagem de programação.",vigente,6º ao 9º ANO - HABILIDADES - BNCC - Computação .xlsx · linha 63,página PDF 60
EF69CO03,EF,6 | 7 | 8 | 9,,co-eixo-pensamento-computacional,co-obj-linguagem-de-programacao,,"Descrever com precisão a solução de um problema, construindo o programa que implementa a solução descrita.",vigente,6º ao 9º ANO - HABILIDADES - BNCC - Computação .xlsx · linha 64,página PDF 60
EF69CO04,EF,6 | 7 | 8 | 9,,co-eixo-pensamento-computacional,co-obj-decomposicao,,Construir soluções de problemas usando a técnica de decomposição e automatizar tais soluções usando uma linguagem de programação.,vigente,6º ao 9º ANO - HABILIDADES - BNCC - Computação .xlsx · linha 65,página PDF 60
EF69CO05,EF,6 | 7 | 8 | 9,,co-eixo-pensamento-computacional,co-obj-generalizacao,,"Identificar os recursos ou insumos necessários (entradas) para a resolução de problemas, bem como os resultados esperados (saídas), determinando os respectivos tipos de dados, e estabelecendo a definição de problema como uma relação entre entrada e saída.",vigente,6º ao 9º ANO - HABILIDADES - BNCC - Computação .xlsx · linha 66,página PDF 60
EF69CO06,EF,6 | 7 | 8 | 9,,co-eixo-pensamento-computacional,co-obj-generalizacao,,"Comparar diferentes casos particulares (instâncias) de um mesmo problema, identificando as semelhanças e diferenças entre eles, e criar um algoritmo para resolver todos, fazendo uso de variáveis (parâmetros) para permitir o tratamento de todos os casos de forma genérica.",vigente,6º ao 9º ANO - HABILIDADES - BNCC - Computação .xlsx · linha 67,página PDF 60
EF69CO07,EF,6 | 7 | 8 | 9,,co-eixo-mundo-digital,co-obj-fundamentos-de-transmissao-de-dados,,"Entender o processo de transmissão de dados, como a informação é quebrada em pedaços, transmitida em pacotes através de múltiplos equipamentos, e reconstruída no destino.",vigente,6º ao 9º ANO - HABILIDADES - BNCC - Computação .xlsx · linha 68,página PDF 62
EF69CO08,EF,6 | 7 | 8 | 9,,co-eixo-mundo-digital,co-obj-gestao-de-dados,,"Compreender e utilizar diferentes formas de armazenar, manipular, compactar e recuperar arquivos, documentos e metadados.",vigente,6º ao 9º ANO - HABILIDADES - BNCC - Computação .xlsx · linha 69,página PDF 62
EF69CO09,EF,6 | 7 | 8 | 9,,co-eixo-mundo-digital,co-obj-fundamentos-de-sistemas-distribuidos,,"Compreender os conceitos de paralelismo, concorrência e armazenamento/ processamento distribuídos.",vigente,6º ao 9º ANO - HABILIDADES - BNCC - Computação .xlsx · linha 70,página PDF 62
EF69CO10,EF,6 | 7 | 8 | 9,,co-eixo-mundo-digital,co-obj-internet,,Entender como é a estrutura e funcionamento da internet.,vigente,6º ao 9º ANO - HABILIDADES - BNCC - Computação .xlsx · linha 71,página PDF 62
EF69CO11,EF,6 | 7 | 8 | 9,,co-eixo-cultura-digital,co-obj-tecnologia-digital-e-sociedade,,"Apresentar conduta e linguagem apropriadas ao se comunicar em ambiente digital, considerando a ética e o respeito.",vigente,6º ao 9º ANO - HABILIDADES - BNCC - Computação .xlsx · linha 72,página PDF 62
EF69CO12,EF,6 | 7 | 8 | 9,,co-eixo-cultura-digital,co-obj-tecnologia-digital-e-sustentabilidade,,"Analisar o consumo de tecnologia na sociedade, compreendendo criticamente o caminho da produção dos recursos bem como aspectos ligados à obsolescência e a sustentabilidade.",vigente,6º ao 9º ANO - HABILIDADES - BNCC - Computação .xlsx · linha 73,página PDF 62
EF07CO01,EF,7,,co-eixo-pensamento-computacional,co-obj-programacao-usando-registros-e-matrizes,,Criar soluções de problemas para os quais seja adequado o uso de registros e matrizes unidimensionais para descrever suas informações e automatizá-las usando uma linguagem de programação.,vigente,6º ao 9º ANO - HABILIDADES - BNCC - Computação .xlsx · linha 19,página PDF 46
EF07CO02,EF,7,,co-eixo-pensamento-computacional,co-obj-analise-de-programas,,"Analisar programas para detectar e remover erros, ampliando a confiança na sua correção.",vigente,6º ao 9º ANO - HABILIDADES - BNCC - Computação .xlsx · linha 21,página PDF 46
EF07CO03,EF,7,,co-eixo-pensamento-computacional,co-obj-projetos-com-programacao,,"Construir soluções computacionais de problemas de diferentes áreas do conhecimento, de forma individual e colaborativa, selecionando as estruturas de dados e técnicas adequadas, aperfeiçoando e articulando saberes escolares.",vigente,6º ao 9º ANO - HABILIDADES - BNCC - Computação .xlsx · linha 22,página PDF 46
EF07CO04,EF,7,,co-eixo-pensamento-computacional,co-obj-propriedades-de-grafos,,Explorar propriedades básicas de grafos.,vigente,6º ao 9º ANO - HABILIDADES - BNCC - Computação .xlsx · linha 23,página PDF 46
EF07CO05,EF,7,,co-eixo-pensamento-computacional,co-obj-reuso,,Criar algoritmos fazendo uso da decomposição e do reúso no processo de solução de forma colaborativa e cooperativa e automatizá-los usando uma linguagem de programação.,vigente,6º ao 9º ANO - HABILIDADES - BNCC - Computação .xlsx · linha 24,página PDF 48
EF07CO06,EF,7,,co-eixo-mundo-digital,co-obj-protocolos-de-comunicacao-em-redes,,Compreender o papel de protocolos para a transmissão de dados.,vigente,6º ao 9º ANO - HABILIDADES - BNCC - Computação .xlsx · linha 25,página PDF 48
EF07CO07,EF,7,,co-eixo-mundo-digital,co-obj-fundamentos-de-seguranca-cibernetica,,Identificar problemas de segurança cibernética e experimentar formas de proteção.,vigente,6º ao 9º ANO - HABILIDADES - BNCC - Computação .xlsx · linha 26,página PDF 48
EF07CO08,EF,7,,co-eixo-cultura-digital,co-obj-cyberbullying,,Demonstrar empatia sobre opiniões divergentes na web.,vigente,6º ao 9º ANO - HABILIDADES - BNCC - Computação .xlsx · linha 27,página PDF 50
EF07CO09,EF,7,,co-eixo-cultura-digital,co-obj-cyberbullying,,Reconhecer e debater sobre cyberbullying.,vigente,6º ao 9º ANO - HABILIDADES - BNCC - Computação .xlsx · linha 28,página PDF 50
EF07CO10,EF,7,,co-eixo-cultura-digital,co-obj-impactos-da-tecnologia-digital,,"Identificar os impactos ambientais do descarte de peças de computadores e eletrônicos, bem como sua relação com a sustentabilidade.",vigente,6º ao 9º ANO - HABILIDADES - BNCC - Computação .xlsx · linha 29,página PDF 50
EF07CO11,EF,7,,co-eixo-cultura-digital,co-obj-producao-digital,,"Criar, documentar e publicar, de forma individual ou colaborativa, produtos (vídeos, podcasts, web sites) usando recursos de tecnologia.",vigente,6º ao 9º ANO - HABILIDADES - BNCC - Computação .xlsx · linha 30,página PDF 50
EF08CO01,EF,8,,co-eixo-pensamento-computacional,co-obj-programacao-com-listas-e-recursao,,Construir soluções de problemas usando a técnica de recursão e automatizar tais soluções usando uma linguagem de programação.,vigente,6º ao 9º ANO - HABILIDADES - BNCC - Computação .xlsx · linha 34,página PDF 52
EF08CO02,EF,8,,co-eixo-pensamento-computacional,co-obj-programacao-com-listas-e-recursao,,"Criar soluções de problemas para os quais seja adequado o uso de listas para descrever suas informações e automatizá-las usando uma linguagem de programação, empregando ou não a recursão como uma técnica de resolver o problema.",vigente,6º ao 9º ANO - HABILIDADES - BNCC - Computação .xlsx · linha 35,página PDF 52
EF08CO03,EF,8,,co-eixo-pensamento-computacional,co-obj-algoritmos-classicos,,Utilizar algoritmos clássicos de manipulação sobre listas.,vigente,6º ao 9º ANO - HABILIDADES - BNCC - Computação .xlsx · linha 36,página PDF 52
EF08CO04,EF,8,,co-eixo-pensamento-computacional,co-obj-projetos-com-programacao,,"Construir soluções computacionais de problemas de diferentes áreas do conhecimento, de forma individual e colaborativa, selecionando as estruturas de dados e técnicas adequadas, aperfeiçoando e articulando saberes escolares.",vigente,6º ao 9º ANO - HABILIDADES - BNCC - Computação .xlsx · linha 37,página PDF 52
EF08CO05,EF,8,,co-eixo-mundo-digital,co-obj-fundamentos-de-sistemas-distribuidos,,"Compreender os conceitos de paralelismo, concorrência e armazenamento/ processamento distribuídos.",vigente,6º ao 9º ANO - HABILIDADES - BNCC - Computação .xlsx · linha 38,página PDF 52
EF08CO06,EF,8,,co-eixo-mundo-digital,co-obj-internet,,Entender como é a estrutura e funcionamento da internet.,vigente,6º ao 9º ANO - HABILIDADES - BNCC - Computação .xlsx · linha 39,página PDF 52
EF08CO07,EF,8,,co-eixo-cultura-digital,co-obj-redes-sociais-e-seguranca-da-informacao,,"Compartilhar informações por meio de redes sociais, compreendendo a sua dinâmica de funcionamento, de forma responsável e avaliando sua confiabilidade, considerando o respeito e a ética.",vigente,6º ao 9º ANO - HABILIDADES - BNCC - Computação .xlsx · linha 40,página PDF 54
EF08CO08,EF,8,,co-eixo-cultura-digital,co-obj-redes-sociais-e-seguranca-da-informacao,,Distinguir os tipos de dados pessoais que são solicitados em espaços digitais e os riscos associados.,vigente,6º ao 9º ANO - HABILIDADES - BNCC - Computação .xlsx · linha 41,página PDF 54
EF08CO09,EF,8,,co-eixo-cultura-digital,co-obj-redes-sociais-e-seguranca-da-informacao,,Analisar criticamente as políticas de termos de uso das redes sociais e demais plataformas.,vigente,6º ao 9º ANO - HABILIDADES - BNCC - Computação .xlsx · linha 42,página PDF 54
EF08CO10,EF,8,,co-eixo-cultura-digital,co-obj-seguranca-em-ambientes-virtuais,,Discutir questões sobre segurança e privacidade relacionadas ao uso dos ambientes virtuais.,vigente,6º ao 9º ANO - HABILIDADES - BNCC - Computação .xlsx · linha 43,página PDF 54
EF08CO11,EF,8,,co-eixo-cultura-digital,co-obj-uso-critico-das-midias-digitais,,"Avaliar a precisão, relevância, adequação, abrangência e vieses que ocorrem em fontes de informação eletrônica.",vigente,6º ao 9º ANO - HABILIDADES - BNCC - Computação .xlsx · linha 44,página PDF 54
EF09CO01,EF,9,,co-eixo-pensamento-computacional,co-obj-programacao-usando-grafos-e-arvores,,Criar soluções de problemas para os quais seja adequado o uso de árvores e grafos para descrever suas informações e automatizá-las usando uma linguagem de programação.,vigente,6º ao 9º ANO - HABILIDADES - BNCC - Computação .xlsx · linha 49,página PDF 56
EF09CO02,EF,9,,co-eixo-pensamento-computacional,co-obj-projetos-com-programacao,,"Construir soluções computacionais de problemas de diferentes áreas do conhecimento, de forma individual e colaborativa, selecionando as estruturas de dados e técnicas adequadas, aperfeiçoando e articulando saberes escolares.",vigente,6º ao 9º ANO - HABILIDADES - BNCC - Computação .xlsx · linha 50,página PDF 56
EF09CO03,EF,9,,co-eixo-pensamento-computacional,co-obj-automatos-e-linguagens-baseadas-em-eventos,,Usar autômatos para descrever comportamentos de forma abstrata automatizando-os através de uma linguagem de programação baseada em eventos.,vigente,6º ao 9º ANO - HABILIDADES - BNCC - Computação .xlsx · linha 51,página PDF 56
EF09CO04,EF,9,,co-eixo-mundo-digital,co-obj-seguranca-cibernetica,,Compreender o funcionamento de malwares e outros ataques cibernéticos.,vigente,6º ao 9º ANO - HABILIDADES - BNCC - Computação .xlsx · linha 52,página PDF 56
EF09CO05,EF,9,,co-eixo-mundo-digital,co-obj-seguranca-cibernetica-cont,,Analisar técnicas de criptografia para armazenamento e transmissão de dados.,vigente,6º ao 9º ANO - HABILIDADES - BNCC - Computação .xlsx · linha 53,página PDF 58
EF09CO06,EF,9,,co-eixo-cultura-digital,co-obj-tecnologia-digital-e-sociedade,,"Analisar problemas sociais de sua cidade e estado a partir de ambientes digitais, propondo soluções.",vigente,6º ao 9º ANO - HABILIDADES - BNCC - Computação .xlsx · linha 54,página PDF 58
EF09CO07,EF,9,,co-eixo-cultura-digital,co-obj-tecnologia-digital-e-sociedade,,"Avaliar aplicações e implicações políticas, socioambientais e culturais das tecnologias digitais para propor alternativas aos desafios do mundo contemporâneo, incluindo aqueles relativos ao mundo do trabalho.",vigente,6º ao 9º ANO - HABILIDADES - BNCC - Computação .xlsx · linha 55,página PDF 58
EF09CO08,EF,9,,co-eixo-cultura-digital,co-obj-tecnologia-digital-e-sociedade,,"Discutir como a distribuição desigual de recursos de computação em uma economia global levanta questões de equidade, acesso e poder.",vigente,6º ao 9º ANO - HABILIDADES - BNCC - Computação .xlsx · linha 56,página PDF 58
EF09CO09,EF,9,,co-eixo-cultura-digital,co-obj-autoria-em-meio-digital,,"Criar ou utilizar conteúdo em meio digital, compreendendo questões éticas relacionadas a direitos autorais e de uso de imagem.",vigente,6º ao 9º ANO - HABILIDADES - BNCC - Computação .xlsx · linha 57,página PDF 58
EF09CO10,EF,9,,co-eixo-cultura-digital,co-obj-qualidade-da-informacao,,"Avaliar a veracidade, credibilidade e relevância da informação em seus diferentes formatos, sendo capaz de identificar o propósito pelo qual foi disseminada.",vigente,6º ao 9º ANO - HABILIDADES - BNCC - Computação .xlsx · linha 58,página PDF 58
EM13CO01,EM,,,,,computacao-em-ce-01,Explorar e construir a solução de problemas por meio da reutilização de partes de soluções existentes.,vigente,COMPUTAÇÃO - ENSINO MÉDIO.xlsx · linha 5,página PDF 66
EM13CO02,EM,,,,,computacao-em-ce-01,"Explorar e construir a solução de problemas por meio de refinamentos, utilizando diversos níveis de abstração desde a especificação até a implementação.",vigente,COMPUTAÇÃO - ENSINO MÉDIO.xlsx · linha 6,página PDF 66
EM13CO03,EM,,,,,computacao-em-ce-01,"Identificar o comportamento dos algoritmos no que diz respeito ao consumo de recursos como tempo de execução, espaço de memória e energia, entre outros.",vigente,COMPUTAÇÃO - ENSINO MÉDIO.xlsx · linha 7,página PDF 66
EM13CO04,EM,,,,,computacao-em-ce-01,"Reconhecer o conceito de metaprogramação como uma forma de generalização na construção de programas, permitindo que algoritmos sejam entrada ou saída para outros algoritmos.",vigente,COMPUTAÇÃO - ENSINO MÉDIO.xlsx · linha 8,página PDF 66
EM13CO05,EM,,,,,computacao-em-ce-01,"Identificar os limites da Computação para diferenciar o que pode ou não ser automatizado, buscando uma compreensão mais ampla dos limites dos processos mentais envolvidos na resolução de problemas.",vigente,COMPUTAÇÃO - ENSINO MÉDIO.xlsx · linha 9,página PDF 66
EM13CO06,EM,,,,,computacao-em-ce-01,Avaliar software levando em consideração diferentes características e métricas associadas.,vigente,COMPUTAÇÃO - ENSINO MÉDIO.xlsx · linha 10,página PDF 66
EM13CO07,EM,,,,,computacao-em-ce-02,"Compreender as diferentes tecnologias, bem como equipamentos, protocolos e serviços envolvidos no funcionamento de redes de computadores, identificando suas possibilidades de escala e confiabilidade.",vigente,COMPUTAÇÃO - ENSINO MÉDIO.xlsx · linha 12,página PDF 68
EM13CO08,EM,,,,,computacao-em-ce-02,"Entender como mudanças na tecnologia afetam a segurança, incluindo novas maneiras de preservar sua privacidade e dados pessoais on-line, reportando suspeitas e buscando ajuda em situações de risco.",vigente,COMPUTAÇÃO - ENSINO MÉDIO.xlsx · linha 13,página PDF 68
EM13CO09,EM,,,,,computacao-em-ce-03,"Identificar tecnologias digitais, sua presença e formas de uso, nas diferentes atividades no mundo do trabalho.",vigente,COMPUTAÇÃO - ENSINO MÉDIO.xlsx · linha 14,página PDF 68
EM13CO10,EM,,,,,computacao-em-ce-03,"Conhecer os fundamentos da Inteligência Artificial, comparando-a com a inteligência humana, analisando suas potencialidades, riscos e limites.",vigente,COMPUTAÇÃO - ENSINO MÉDIO.xlsx · linha 15,página PDF 68
EM13CO11,EM,,,,,computacao-em-ce-03,"Criar e explorar modelos computacionais simples para simular e fazer previsões, identificando sua importância no desenvolvimento científico.",vigente,COMPUTAÇÃO - ENSINO MÉDIO.xlsx · linha 16,página PDF 68
EM13CO12,EM,,,,,computacao-em-ce-04,"Produzir, analisar, gerir e compartilhar informações a partir de dados, utilizando princípios de ciência de dados.",vigente,COMPUTAÇÃO - ENSINO MÉDIO.xlsx · linha 18,página PDF 70
EM13CO13,EM,,,,,computacao-em-ce-04,Analisar e utilizar as diferentes formas de representação e consulta a dados em formato digital para pesquisas científicas.,vigente,COMPUTAÇÃO - ENSINO MÉDIO.xlsx · linha 19,página PDF 70
EM13CO14,EM,,,,,computacao-em-ce-04,"Avaliar a confiabilidade das informações encontradas em meio digital, investigando seus modos de construção e considerando a autoria, a estrutura e o propósito da mensagem.",vigente,COMPUTAÇÃO - ENSINO MÉDIO.xlsx · linha 20,página PDF 70
EM13CO15,EM,,,,,computacao-em-ce-04,"Analisar a interação entre usuários e artefatos computacionais, abordando aspectos da experiência do usuário e promovendo reflexão sobre a qualidade do uso dos artefatos nas esferas do trabalho, do lazer e do estudo.",vigente,COMPUTAÇÃO - ENSINO MÉDIO.xlsx · linha 21,página PDF 70
EM13CO16,EM,,,,,computacao-em-ce-04,"Desenvolver projetos com robótica, utilizando artefatos físicos ou simuladores.",vigente,COMPUTAÇÃO - ENSINO MÉDIO.xlsx · linha 22,página PDF 70
EM13CO17,EM,,,,,computacao-em-ce-05,"Construir redes virtuais de interação e colaboração, favorecendo o desenvolvimento de projetos de forma segura, legal e ética.",vigente,COMPUTAÇÃO - ENSINO MÉDIO.xlsx · linha 23,página PDF 70
EM13CO18,EM,,,,,computacao-em-ce-05,"Planejar e gerenciar projetos integrados às áreas de conhecimento de forma colaborativa, solucionando problemas, usando diversos artefatos computacionais.",vigente,COMPUTAÇÃO - ENSINO MÉDIO.xlsx · linha 24,página PDF 70
EM13CO19,EM,,,,,computacao-em-ce-06,"Expor, argumentar e negociar propostas, produtos e serviços, utilizando diferentes mídias e ferramentas digitais.",vigente,COMPUTAÇÃO - ENSINO MÉDIO.xlsx · linha 26,página PDF 72
EM13CO20,EM,,,,,computacao-em-ce-06,"Criar conteúdos, disponibilizando-os em ambientes virtuais para publicação e compartilhamento, avaliando a confiabilidade e as consequências da disseminação dessas informações.",vigente,COMPUTAÇÃO - ENSINO MÉDIO.xlsx · linha 27,página PDF 72
EM13CO21,EM,,,,,computacao-em-ce-06,"Comunicar ideias complexas de forma clara por meio de objetos digitais como mapas conceituais, infográficos, hipertextos e outros.",vigente,COMPUTAÇÃO - ENSINO MÉDIO.xlsx · linha 28,página PDF 72
EM13CO22,EM,,,,,computacao-em-ce-06,"Produzir e publicar conteúdo como textos, imagens, áudios, vídeos e suas associações, bem como ferramentas para sua integração, organização e apresentação, utilizando diferentes mídias digitais.",vigente,COMPUTAÇÃO - ENSINO MÉDIO.xlsx · linha 29,página PDF 72
EM13CO23,EM,,,,,computacao-em-ce-07,"Analisar criticamente as experiências em comunidades virtuais e as relações advindas da interação e comunicação com outras pessoas, bem como seus impactos na sociedade.",vigente,COMPUTAÇÃO - ENSINO MÉDIO.xlsx · linha 31,página PDF 74
EM13CO24,EM,,,,,computacao-em-ce-07,Identificar e reconhecer como as redes sociais e artefatos computacionais em geral interferem na saúde física e mental de seus usuários.,vigente,COMPUTAÇÃO - ENSINO MÉDIO.xlsx · linha 32,página PDF 74
EM13CO25,EM,,,,,computacao-em-ce-07,"Dialogar em ambientes virtuais com segurança e respeito às diferenças culturais e pessoais, reconhecendo e denunciando atitudes abusivas.",vigente,COMPUTAÇÃO - ENSINO MÉDIO.xlsx · linha 33,página PDF 74
EM13CO26,EM,,,,,computacao-em-ce-07,"Aplicar os conceitos e pressupostos do direito digital em sua conduta e experiências com o cotidiano da cultura digital, bem como na produção e uso de artefatos computacionais.",vigente,COMPUTAÇÃO - ENSINO MÉDIO.xlsx · linha 34,página PDF 74
