codigo,campo_experiencias,grupo_etario,alinhamento,texto,vigencia_status,fonte_localizador
EI01CG01,ei-campo-cg,ei-grupo-01,ei-align-cg-01,"Movimentar as partes do corpo para exprimir corporalmente emoções, necessidades e desejos.",vigente,página PDF 49
EI01CG02,ei-campo-cg,ei-grupo-01,ei-align-cg-02,Experimentar as possibilidades corporais nas brincadeiras e interações em ambientes acolhedores e desafiantes.,vigente,página PDF 49
EI01CG03,ei-campo-cg,ei-grupo-01,ei-align-cg-03,"Imitar gestos e movimentos de outras crianças, adultos e animais.",vigente,página PDF 49
EI01CG04,ei-campo-cg,ei-grupo-01,ei-align-cg-04,Participar do cuidado do seu corpo e da promoção do seu bem-estar.,vigente,página PDF 49
EI01CG05,ei-campo-cg,ei-grupo-01,ei-align-cg-05,"Utilizar os movimentos de preensão, encaixe e lançamento, ampliando suas possibilidades de manuseio de diferentes materiais e objetos.",vigente,página PDF 49
EI01EF01,ei-campo-ef,ei-grupo-01,ei-align-ef-01,Reconhecer quando é chamado por seu nome e reconhecer os nomes de pessoas com quem convive.,vigente,página PDF 51
EI01EF02,ei-campo-ef,ei-grupo-01,ei-align-ef-02,Demonstrar interesse ao ouvir a leitura de poemas e a apresentação de músicas.,vigente,página PDF 51
EI01EF03,ei-campo-ef,ei-grupo-01,ei-align-ef-03,"Demonstrar interesse ao ouvir histórias lidas ou contadas, observando ilustrações e os movimentos de leitura do adulto-leitor (modo de segurar o portador e de virar as páginas).",vigente,página PDF 51
EI01EF04,ei-campo-ef,ei-grupo-01,ei-align-ef-04,"Reconhecer elementos das ilustrações de histórias, apontando-os, a pedido do adulto-leitor.",vigente,página PDF 51
EI01EF05,ei-campo-ef,ei-grupo-01,ei-align-ef-05,"Imitar as variações de entonação e gestos realizados pelos adultos, ao ler histórias e ao cantar.",vigente,página PDF 51
EI01EF06,ei-campo-ef,ei-grupo-01,ei-align-ef-06,"Comunicar-se com outras pessoas usando movimentos, gestos, balbucios, fala e outras formas de expressão.",vigente,página PDF 52
EI01EF07,ei-campo-ef,ei-grupo-01,ei-align-ef-07,"Conhecer e manipular materiais impressos e audiovisuais em diferentes portadores (livro, revista, gibi, jornal, cartaz, CD, tablet etc.).",vigente,página PDF 52
EI01EF08,ei-campo-ef,ei-grupo-01,ei-align-ef-08,"Participar de situações de escuta de textos em diferentes gêneros textuais (poemas, fábulas, contos, receitas, quadrinhos, anúncios etc.).",vigente,página PDF 52
EI01EF09,ei-campo-ef,ei-grupo-01,ei-align-ef-09,Conhecer e manipular diferentes instrumentos e suportes de escrita.,vigente,página PDF 52
EI01EO01,ei-campo-eo,ei-grupo-01,ei-align-eo-01,Perceber que suas ações têm efeitos nas outras crianças e nos adultos.,vigente,página PDF 47
EI01EO02,ei-campo-eo,ei-grupo-01,ei-align-eo-02,Perceber as possibilidades e os limites de seu corpo nas brincadeiras e interações das quais participa.,vigente,página PDF 47
EI01EO03,ei-campo-eo,ei-grupo-01,ei-align-eo-03,"Interagir com crianças da mesma faixa etária e adultos ao explorar espaços, materiais, objetos, brinquedos.",vigente,página PDF 47
EI01EO04,ei-campo-eo,ei-grupo-01,ei-align-eo-04,"Comunicar necessidades, desejos e emoções, utilizando gestos, balbucios, palavras.",vigente,página PDF 47
EI01EO05,ei-campo-eo,ei-grupo-01,ei-align-eo-05,"Reconhecer seu corpo e expressar suas sensações em momentos de alimentação, higiene, brincadeira e descanso.",vigente,página PDF 47
EI01EO06,ei-campo-eo,ei-grupo-01,ei-align-eo-06,"Interagir com outras crianças da mesma faixa etária e adultos, adaptando-se ao convívio social.",vigente,página PDF 48
EI01ET01,ei-campo-et,ei-grupo-01,ei-align-et-01,"Explorar e descobrir as propriedades de objetos e materiais (odor, cor, sabor, temperatura).",vigente,página PDF 53
EI01ET02,ei-campo-et,ei-grupo-01,ei-align-et-02,"Explorar relações de causa e efeito (transbordar, tingir, misturar, mover e remover etc.) na interação com o mundo físico.",vigente,página PDF 53
EI01ET03,ei-campo-et,ei-grupo-01,ei-align-et-03,"Explorar o ambiente pela ação e observação, manipulando, experimentando e fazendo descobertas.",vigente,página PDF 53
EI01ET04,ei-campo-et,ei-grupo-01,ei-align-et-04,"Manipular, experimentar, arrumar e explorar o espaço por meio de experiências de deslocamentos de si e dos objetos.",vigente,página PDF 53
EI01ET05,ei-campo-et,ei-grupo-01,ei-align-et-05,Manipular materiais diversos e variados para comparar as diferenças e semelhanças entre eles.,vigente,página PDF 53
EI01ET06,ei-campo-et,ei-grupo-01,ei-align-et-06,"Vivenciar diferentes ritmos, velocidades e fluxos nas interações e brincadeiras (em danças, balanços, escorregadores etc.).",vigente,página PDF 53
EI01TS01,ei-campo-ts,ei-grupo-01,ei-align-ts-01,Explorar sons produzidos com o próprio corpo e com objetos do ambiente.,vigente,página PDF 50
EI01TS02,ei-campo-ts,ei-grupo-01,ei-align-ts-02,"Traçar marcas gráficas, em diferentes suportes, usando instrumentos riscantes e tintas.",vigente,página PDF 50
EI01TS03,ei-campo-ts,ei-grupo-01,ei-align-ts-03,"Explorar diferentes fontes sonoras e materiais para acompanhar brincadeiras cantadas, canções, músicas e melodias.",vigente,página PDF 50
EI02CG01,ei-campo-cg,ei-grupo-02,ei-align-cg-01,Apropriar-se de gestos e movimentos de sua cultura no cuidado de si e nos jogos e brincadeiras.,vigente,página PDF 49
EI02CG02,ei-campo-cg,ei-grupo-02,ei-align-cg-02,"Deslocar seu corpo no espaço, orientando-se por noções como em frente, atrás, no alto, embaixo, dentro, fora etc., ao se envolver em brincadeiras e atividades de diferentes naturezas.",vigente,página PDF 49
EI02CG03,ei-campo-cg,ei-grupo-02,ei-align-cg-03,"Explorar formas de deslocamento no espaço (pular, saltar, dançar), combinando movimentos e seguindo orientações.",vigente,página PDF 49
EI02CG04,ei-campo-cg,ei-grupo-02,ei-align-cg-04,Demonstrar progressiva independência no cuidado do seu corpo.,vigente,página PDF 49
EI02CG05,ei-campo-cg,ei-grupo-02,ei-align-cg-05,"Desenvolver progressivamente as habilidades manuais, adquirindo controle para desenhar, pintar, rasgar, folhear, entre outros.",vigente,página PDF 49
EI02EF01,ei-campo-ef,ei-grupo-02,ei-align-ef-01,"Dialogar com crianças e adultos, expressando seus desejos, necessidades, sentimentos e opiniões.",vigente,página PDF 51
EI02EF02,ei-campo-ef,ei-grupo-02,ei-align-ef-02,Identificar e criar diferentes sons e reconhecer rimas e aliterações em cantigas de roda e textos poéticos.,vigente,página PDF 51
EI02EF03,ei-campo-ef,ei-grupo-02,ei-align-ef-03,"Demonstrar interesse e atenção ao ouvir a leitura de histórias e outros textos, diferenciando escrita de ilustrações, e acompanhando, com orientação do adulto-leitor, a direção da leitura (de cima para baixo, da esquerda para a direita).",vigente,página PDF 51
EI02EF04,ei-campo-ef,ei-grupo-02,ei-align-ef-04,"Formular e responder perguntas sobre fatos da história narrada, identificando cenários, personagens e principais acontecimentos.",vigente,página PDF 51
EI02EF05,ei-campo-ef,ei-grupo-02,ei-align-ef-05,"Relatar experiências e fatos acontecidos, histórias ouvidas, filmes ou peças teatrais assistidos etc.",vigente,página PDF 51
EI02EF06,ei-campo-ef,ei-grupo-02,ei-align-ef-06,"Criar e contar histórias oralmente, com base em imagens ou temas sugeridos.",vigente,página PDF 52
EI02EF07,ei-campo-ef,ei-grupo-02,ei-align-ef-07,"Manusear diferentes portadores textuais, demonstrando reconhecer seus usos sociais.",vigente,página PDF 52
EI02EF08,ei-campo-ef,ei-grupo-02,ei-align-ef-08,"Manipular textos e participar de situações de escuta para ampliar seu contato com diferentes gêneros textuais (parlendas, histórias de aventura, tirinhas, cartazes de sala, cardápios, notícias etc.).",vigente,página PDF 52
EI02EF09,ei-campo-ef,ei-grupo-02,ei-align-ef-09,"Manusear diferentes instrumentos e suportes de escrita para desenhar, traçar letras e outros sinais gráficos.",vigente,página PDF 52
EI02EO01,ei-campo-eo,ei-grupo-02,ei-align-eo-01,Demonstrar atitudes de cuidado e solidariedade na interação com crianças e adultos.,vigente,página PDF 47
EI02EO02,ei-campo-eo,ei-grupo-02,ei-align-eo-02,Demonstrar imagem positiva de si e confiança em sua capacidade para enfrentar dificuldades e desafios.,vigente,página PDF 47
EI02EO03,ei-campo-eo,ei-grupo-02,ei-align-eo-03,Compartilhar os objetos e os espaços com crianças da mesma faixa etária e adultos.,vigente,página PDF 47
EI02EO04,ei-campo-eo,ei-grupo-02,ei-align-eo-04,"Comunicar-se com os colegas e os adultos, buscando compreendê-los e fazendo-se compreender.",vigente,página PDF 47
EI02EO05,ei-campo-eo,ei-grupo-02,ei-align-eo-05,"Perceber que as pessoas têm características físicas diferentes, respeitando essas diferenças.",vigente,página PDF 47
EI02EO06,ei-campo-eo,ei-grupo-02,ei-align-eo-06,Respeitar regras básicas de convívio social nas interações e brincadeiras.,vigente,página PDF 48
EI02EO07,ei-campo-eo,ei-grupo-02,ei-align-eo-07,"Resolver conflitos nas interações e brincadeiras, com a orientação de um adulto.",vigente,página PDF 48
EI02ET01,ei-campo-et,ei-grupo-02,ei-align-et-01,"Explorar e descrever semelhanças e diferenças entre as características e propriedades dos objetos (textura, massa, tamanho).",vigente,página PDF 53
EI02ET02,ei-campo-et,ei-grupo-02,ei-align-et-02,"Observar, relatar e descrever incidentes do cotidiano e fenômenos naturais (luz solar, vento, chuva etc.).",vigente,página PDF 53
EI02ET03,ei-campo-et,ei-grupo-02,ei-align-et-03,"Compartilhar, com outras crianças, situações de cuidado de plantas e animais nos espaços da instituição e fora dela.",vigente,página PDF 53
EI02ET04,ei-campo-et,ei-grupo-02,ei-align-et-04,"Identificar relações espaciais (dentro e fora, em cima, embaixo, acima, abaixo, entre e do lado) e temporais (antes, durante e depois).",vigente,página PDF 53
EI02ET05,ei-campo-et,ei-grupo-02,ei-align-et-05,"Classificar objetos, considerando determinado atributo (tamanho, peso, cor, forma etc.).",vigente,página PDF 53
EI02ET06,ei-campo-et,ei-grupo-02,ei-align-et-06,"Utilizar conceitos básicos de tempo (agora, antes, durante, depois, ontem, hoje, amanhã, lento, rápido, depressa, devagar).",vigente,página PDF 53
EI02ET07,ei-campo-et,ei-grupo-02,ei-align-et-07,"Contar oralmente objetos, pessoas, livros etc., em contextos diversos.",vigente,página PDF 54
EI02ET08,ei-campo-et,ei-grupo-02,ei-align-et-08,"Registrar com números a quantidade de crianças (meninas e meninos, presentes e ausentes) e a quantidade de objetos da mesma natureza (bonecas, bolas, livros etc.).",vigente,página PDF 54
EI02TS01,ei-campo-ts,ei-grupo-02,ei-align-ts-01,"Criar sons com materiais, objetos e instrumentos musicais, para acompanhar diversos ritmos de música.",vigente,página PDF 50
EI02TS02,ei-campo-ts,ei-grupo-02,ei-align-ts-02,"Utilizar materiais variados com possibilidades de manipulação (argila, massa de modelar), explorando cores, texturas, superfícies, planos, formas e volumes ao criar objetos tridimensionais.",vigente,página PDF 50
EI02TS03,ei-campo-ts,ei-grupo-02,ei-align-ts-03,"Utilizar diferentes fontes sonoras disponíveis no ambiente em brincadeiras cantadas, canções, músicas e melodias.",vigente,página PDF 50
EI03CG01,ei-campo-cg,ei-grupo-03,ei-align-cg-01,"Criar com o corpo formas diversificadas de expressão de sentimentos, sensações e emoções, tanto nas situações do cotidiano quanto em brincadeiras, dança, teatro, música.",vigente,página PDF 49
EI03CG02,ei-campo-cg,ei-grupo-03,ei-align-cg-02,"Demonstrar controle e adequação do uso de seu corpo em brincadeiras e jogos, escuta e reconto de histórias, atividades artísticas, entre outras possibilidades.",vigente,página PDF 49
EI03CG03,ei-campo-cg,ei-grupo-03,ei-align-cg-03,"Criar movimentos, gestos, olhares e mímicas em brincadeiras, jogos e atividades artísticas como dança, teatro e música.",vigente,página PDF 49
EI03CG04,ei-campo-cg,ei-grupo-03,ei-align-cg-04,"Adotar hábitos de autocuidado relacionados a higiene, alimentação, conforto e aparência.",vigente,página PDF 49
EI03CG05,ei-campo-cg,ei-grupo-03,ei-align-cg-05,Coordenar suas habilidades manuais no atendimento adequado a seus interesses e necessidades em situações diversas.,vigente,página PDF 49
EI03EF01,ei-campo-ef,ei-grupo-03,ei-align-ef-01,"Expressar ideias, desejos e sentimentos sobre suas vivências, por meio da linguagem oral e escrita (escrita espontânea), de fotos, desenhos e outras formas de expressão.",vigente,página PDF 51
EI03EF02,ei-campo-ef,ei-grupo-03,ei-align-ef-02,"Inventar brincadeiras cantadas, poemas e canções, criando rimas, aliterações e ritmos.",vigente,página PDF 51
EI03EF03,ei-campo-ef,ei-grupo-03,ei-align-ef-03,"Escolher e folhear livros, procurando orientar-se por temas e ilustrações e tentando identificar palavras conhecidas.",vigente,página PDF 51
EI03EF04,ei-campo-ef,ei-grupo-03,ei-align-ef-04,"Recontar histórias ouvidas e planejar coletivamente roteiros de vídeos e de encenações, definindo os contextos, os personagens, a estrutura da história.",vigente,página PDF 51
EI03EF05,ei-campo-ef,ei-grupo-03,ei-align-ef-05,"Recontar histórias ouvidas para produção de reconto escrito, tendo o professor como escriba.",vigente,página PDF 51
EI03EF06,ei-campo-ef,ei-grupo-03,ei-align-ef-06,"Produzir suas próprias histórias orais e escritas (escrita espontânea), em situações com função social significativa.",vigente,página PDF 52
EI03EF07,ei-campo-ef,ei-grupo-03,ei-align-ef-07,"Levantar hipóteses sobre gêneros textuais veiculados em portadores conhecidos, recorrendo a estratégias de observação gráfica e/ou de leitura.",vigente,página PDF 52
EI03EF08,ei-campo-ef,ei-grupo-03,ei-align-ef-08,"Selecionar livros e textos de gêneros conhecidos para a leitura de um adulto e/ou para sua própria leitura (partindo de seu repertório sobre esses textos, como a recuperação pela memória, pela leitura das ilustrações etc.).",vigente,página PDF 52
EI03EF09,ei-campo-ef,ei-grupo-03,ei-align-ef-09,"Levantar hipóteses em relação à linguagem escrita, realizando registros de palavras e textos, por meio de escrita espontânea.",vigente,página PDF 52
EI03EO01,ei-campo-eo,ei-grupo-03,ei-align-eo-01,"Demonstrar empatia pelos outros, percebendo que as pessoas têm diferentes sentimentos, necessidades e maneiras de pensar e agir.",vigente,página PDF 47
EI03EO02,ei-campo-eo,ei-grupo-03,ei-align-eo-02,"Agir de maneira independente, com confiança em suas capacidades, reconhecendo suas conquistas e limitações.",vigente,página PDF 47
EI03EO03,ei-campo-eo,ei-grupo-03,ei-align-eo-03,"Ampliar as relações interpessoais, desenvolvendo atitudes de participação e cooperação.",vigente,página PDF 47
EI03EO04,ei-campo-eo,ei-grupo-03,ei-align-eo-04,Comunicar suas ideias e sentimentos a pessoas e grupos diversos.,vigente,página PDF 47
EI03EO05,ei-campo-eo,ei-grupo-03,ei-align-eo-05,Demonstrar valorização das características de seu corpo e respeitar as características dos outros (crianças e adultos) com os quais convive.,vigente,página PDF 47
EI03EO06,ei-campo-eo,ei-grupo-03,ei-align-eo-06,Manifestar interesse e respeito por diferentes culturas e modos de vida.,vigente,página PDF 48
EI03EO07,ei-campo-eo,ei-grupo-03,ei-align-eo-07,Usar estratégias pautadas no respeito mútuo para lidar com conflitos nas interações com crianças e adultos.,vigente,página PDF 48
EI03ET01,ei-campo-et,ei-grupo-03,ei-align-et-01,"Estabelecer relações de comparação entre objetos, observando suas propriedades.",vigente,página PDF 53
EI03ET02,ei-campo-et,ei-grupo-03,ei-align-et-02,"Observar e descrever mudanças em diferentes materiais, resultantes de ações sobre eles, em experimentos envolvendo fenômenos naturais e artificiais.",vigente,página PDF 53
EI03ET03,ei-campo-et,ei-grupo-03,ei-align-et-03,"Identificar e selecionar fontes de informações, para responder a questões sobre a natureza, seus fenômenos, sua conservação.",vigente,página PDF 53
EI03ET04,ei-campo-et,ei-grupo-03,ei-align-et-04,"Registrar observações, manipulações e medidas, usando múltiplas linguagens (desenho, registro por números ou escrita espontânea), em diferentes suportes.",vigente,página PDF 53
EI03ET05,ei-campo-et,ei-grupo-03,ei-align-et-05,Classificar objetos e figuras de acordo com suas semelhanças e diferenças.,vigente,página PDF 53
EI03ET06,ei-campo-et,ei-grupo-03,ei-align-et-06,"Relatar fatos importantes sobre seu nascimento e desenvolvimento, a história dos seus familiares e da sua comunidade.",vigente,página PDF 53
EI03ET07,ei-campo-et,ei-grupo-03,ei-align-et-07,"Relacionar números às suas respectivas quantidades e identificar o antes, o depois e o entre em uma sequência.",vigente,página PDF 54
EI03ET08,ei-campo-et,ei-grupo-03,ei-align-et-08,"Expressar medidas (peso, altura etc.), construindo gráficos básicos.",vigente,página PDF 54
EI03TS01,ei-campo-ts,ei-grupo-03,ei-align-ts-01,"Utilizar sons produzidos por materiais, objetos e instrumentos musicais durante brincadeiras de faz de conta, encenações, criações musicais, festas.",vigente,página PDF 50
EI03TS02,ei-campo-ts,ei-grupo-03,ei-align-ts-02,"Expressar-se livremente por meio de desenho, pintura, colagem, dobradura e escultura, criando produções bidimensionais e tridimensionais.",vigente,página PDF 50
EI03TS03,ei-campo-ts,ei-grupo-03,ei-align-ts-03,"Reconhecer as qualidades do som (intensidade, duração, altura e timbre), utilizando-as em suas produções sonoras e ao ouvir músicas e sons.",vigente,página PDF 50
